language,size,execution_time_s,memory_usage_mb
c,10,0.000001,3.16
c,50,0.000099,3.17
c,100,0.001478,3.31
c,200,0.008625,3.65
c,400,0.051325,3.91
